<?xml version="1.0" encoding="UTF-8" ?>
<!DOCTYPE mapper
        PUBLIC "-//mybatis.org//DTD Mapper 3.0//EN"
        "https://mybatis.org/dtd/mybatis-3-mapper.dtd">
<mapper namespace="com.mywork.mapper.ReaderMapper">
    <update id="updateBook">
        update books set book_name = #{bookname},book_writer = #{bookwriter},book_type = #{booktype},book_num = #{booknum},book_price = #{bookprice},book_date = #{bookdate} where book_id = #{id};
    </update>
    <update id="renewBookNum">
        update books set book_num = book_num - 1 where book_id = #{id};
    </update>

    <update id="addBookNum">
        update books set book_num = book_num + 1 where book_id = #{bookid};
    </update>

    <update id="renewReturnTime">
        update borrow set return_time = TIMESTAMPADD(DAY ,14,borrow_time) where book_id=#{bookid} and reader_id=#{readerid}
    </update>

    <delete id="deleteByIds">
        delete from books where book_id in
       <foreach collection="ids" item="id" separator="," open="(" close=")">
           #{id}
       </foreach>
    </delete>
    <delete id="deleteById">
        delete from books where book_id = #{id};
    </delete>

    <delete id="returnBook">
        delete from borrow where reader_id =#{readerid} and book_id = #{bookid};
    </delete>

    <select id="selectAllReader" resultMap="getallreader">
        select * from reader;
    </select>

    <select id="selectReaderByName" resultMap="getallreader">
        select * from reader where reader_name = #{readername};
    </select>

    <select id="Readerlogin" resultMap="getallreader">
        select * from reader where reader_name = #{arg0} and reader_password = #{arg1};
    </select>

    <select id="ReaderloginM" resultMap="getallManager">
        select * from manager where manager_name = #{managername} and manager_password = #{password};
    </select>

    <select id="selectAllBook" resultMap="getBook">
        select * from books;
    </select>
    <select id="selectByPageAndCondition" resultMap="getBook">
        select * from books
        <where>
            <if test="book.id != null and book.id !='' ">
                and book_id  like #{book.id}
            </if>
            <if test="book.bookname != null and book.bookname !='' ">
                and book_name  like #{book.bookname}
            </if>
            <if test="book.bookwriter != null and book.bookwriter !='' ">
                and book_writer like #{book.bookwriter}
            </if>
            <if test="book.booktype != null and book.booktype !='' ">
                and book_type  like #{book.booktype}
            </if>

        </where>

        limit   #{begin},#{size}

    </select>
    <select id="selectTotalCountByCondition" resultType="java.lang.Integer">
        select count(*)
        from books
        <where>
            <if test="id != null and id != '' ">
                and  book_id like #{id}
            </if>

            <if test="bookname != null and bookname != '' ">
                and  book_name like #{bookname}
            </if>

            <if test="bookwriter != null and bookwriter != '' ">
                and  book_writer like #{bookwriter}
            </if>

            <if test="booktype != null and booktype != '' ">
                and  book_type like #{booktype}
            </if>

        </where>

    </select>


    <select id="selectById" resultType="com.mywork.pojo.Book">
        select * from books where book_id = #{id};
    </select>


    <select id="selectByPageAndCondition1" resultMap="getBorrow">
        select borrow.reader_id, books.book_id ,books.book_name,books.book_writer,books.book_type,borrow.borrow_time, borrow.return_time from borrow join books  on borrow.book_id = books.book_id

        <where>
            <if test="1">
                and borrow.reader_id  =  #{borrowShow.readerid}
            </if>
            <if test="borrowShow.bookid != null and borrowShow.bookid !='' ">
                and books.book_id  like #{borrowShow.bookid}
            </if>
            <if test="borrowShow.bookname != null and borrowShow.bookname !='' ">
                and books.book_name  like #{borrowShow.bookname}
            </if>
            <if test="borrowShow.bookwriter != null and borrowShow.bookwriter !='' ">
                and books.book_writer like #{borrowShow.bookwriter}
            </if>
            <if test="borrowShow.booktype != null and borrowShow.booktype !='' ">
                and books.book_type  like #{borrowShow.booktype}
            </if>

        </where>
        limit   #{begin},#{size}
    </select>

    <select id="selectTotalCountByCondition1" resultType="java.lang.Integer">
        select count(*)
        from ( select books.book_id ,books.book_name,books.book_writer,books.book_type,borrow.borrow_time, borrow.return_time from borrow join books  on books.book_id = #{ borrowShow.bookid}

        <where>
            <if test="1">
                and borrow.reader_id  =  #{borrowShow.readerid}
            </if>
            <if test="borrowShow.bookid != null and borrowShow.bookid !='' ">
                and books.book_id  like #{borrowShow.bookid}
            </if>
            <if test="borrowShow.bookname != null and borrowShow.bookname !='' ">
                and books.book_name  like #{borrowShow.bookname}
            </if>
            <if test="borrowShow.bookwriter != null and borrowShow.bookwriter !='' ">
                and books.book_writer like #{borrowShow.bookwriter}
            </if>
            <if test="borrowShow.booktype != null and borrowShow.booktype !='' ">
                and books.book_type  like #{borrowShow.booktype}
            </if>

        </where>) as totalnum;

    </select>


    <insert id="getBookById">
        insert into borrow (reader_id, book_id, borrow_time,return_time) values (#{readerid},#{bookid},CURDATE(),CURDATE());
    </insert>


    <resultMap id="getBook" type="com.mywork.pojo.Book">
        <result property="id" column="book_id"></result>
        <result property="bookname" column="book_name"></result>
        <result property="bookwriter" column="book_writer"></result>
        <result property="booktype" column="book_type"></result>
        <result property="booknum" column="book_num"></result>
        <result property="bookprice" column="book_price"></result>
        <result property="bookdate" column="book_date"></result>
    </resultMap>

    <resultMap id="getBorrow" type="com.mywork.pojo.BorrowShow">
        <result property="readerid" column="reader_id"></result>
        <result property="bookid" column="book_id"></result>
        <result property="bookname" column="book_name"></result>
        <result property="bookwriter" column="book_writer"></result>
        <result property="booktype" column="book_type"></result>
        <result property="borrowtime" column="borrow_time"></result>
        <result property="returntime" column="return_time"></result>
    </resultMap>

    <resultMap id="getallreader" type="com.mywork.pojo.Reader">
        <result property="id" column="reader_id"></result>
        <result property="readername" column="reader_name"></result>
        <result property="password" column="reader_password"></result>
        <result property="telephone" column="reader_telephone"></result>
    </resultMap>

    <resultMap id="getallManager" type="com.mywork.pojo.Manager">
        <result property="id" column="manager_id"></result>
        <result property="managername" column="manager_name"></result>
        <result property="password" column="manager_password"></result>
    </resultMap>

    <insert id="registerReader" parameterType="com.mywork.pojo.Reader">
        insert into reader (reader_name, reader_password, reader_telephone) VALUES (#{readername},#{password},#{telephone});
    </insert>

    <insert id="addBook" parameterType="com.mywork.pojo.Book1">
        insert into books (book_name, book_writer, book_type, book_num, book_price, book_date) VALUES (#{bookname},#{bookwriter},#{booktype},#{booknum},#{bookprice},#{bookdate});
    </insert>



</mapper>